county,value,date,fips
allegany,4967,2020-06-15,24001
allegany,5906,2020-06-16,24001
allegany,6008,2020-06-17,24001
allegany,6044,2020-06-18,24001
allegany,6450,2020-06-19,24001
allegany,6742,2020-06-20,24001
allegany,6809,2020-06-21,24001
allegany,6867,2020-06-22,24001
allegany,7535,2020-06-23,24001
allegany,7884,2020-06-24,24001
allegany,8258,2020-06-25,24001
allegany,8396,2020-06-26,24001
allegany,8469,2020-06-27,24001
allegany,8499,2020-06-28,24001
allegany,8564,2020-06-29,24001
allegany,8652,2020-06-30,24001
allegany,8715,2020-07-01,24001
allegany,8797,2020-07-02,24001
allegany,8895,2020-07-03,24001
allegany,8981,2020-07-04,24001
allegany,9046,2020-07-05,24001
allegany,9059,2020-07-06,24001
allegany,9145,2020-07-07,24001
allegany,10356,2020-07-13,24001
allegany,10434,2020-07-14,24001
allegany,10941,2020-07-15,24001
allegany,11219,2020-07-16,24001
allegany,11742,2020-07-17,24001
allegany,11878,2020-07-18,24001
allegany,12121,2020-07-19,24001
allegany,12188,2020-07-20,24001
allegany,12262,2020-07-21,24001
allegany,12784,2020-07-22,24001
allegany,12915,2020-07-23,24001
allegany,13065,2020-07-24,24001
allegany,13435,2020-07-25,24001
allegany,13546,2020-07-26,24001
allegany,13710,2020-07-27,24001
allegany,13817,2020-07-28,24001
allegany,13944,2020-07-29,24001
allegany,14590,2020-07-30,24001
allegany,14978,2020-07-31,24001
allegany,15258,2020-08-01,24001
allegany,15329,2020-08-02,24001
allegany,15704,2020-08-03,24001
allegany,15739,2020-08-04,24001
allegany,16250,2020-08-05,24001
allegany,16397,2020-08-06,24001
allegany,17160,2020-08-07,24001
allegany,17233,2020-08-08,24001
allegany,17735,2020-08-09,24001
allegany,18073,2020-08-10,24001
allegany,18306,2020-08-11,24001
allegany,18561,2020-08-12,24001
allegany,19060,2020-08-13,24001
allegany,19347,2020-08-14,24001
allegany,19987,2020-08-15,24001
allegany,20739,2020-08-16,24001
allegany,21357,2020-08-17,24001
allegany,9218,2020-07-08,24001
allegany,9459,2020-07-09,24001
allegany,9550,2020-07-10,24001
allegany,9696,2020-07-11,24001
allegany,9923,2020-07-12,24001
allegany,21821,2020-08-18,24001
allegany,22091,2020-08-19,24001
allegany,22297,2020-08-20,24001
allegany,23169,2020-08-21,24001
allegany,23809,2020-08-22,24001
allegany,24156,2020-08-23,24001
allegany,24354,2020-08-24,24001
allegany,24454,2020-08-25,24001
anne_arundel,38854,2020-06-15,24003
anne_arundel,39424,2020-06-16,24003
anne_arundel,40535,2020-06-17,24003
anne_arundel,41427,2020-06-18,24003
anne_arundel,42194,2020-06-19,24003
anne_arundel,43118,2020-06-20,24003
anne_arundel,44001,2020-06-21,24003
anne_arundel,44714,2020-06-22,24003
anne_arundel,45382,2020-06-23,24003
anne_arundel,45914,2020-06-24,24003
anne_arundel,46939,2020-06-25,24003
anne_arundel,47639,2020-06-26,24003
anne_arundel,48616,2020-06-27,24003
anne_arundel,49090,2020-06-28,24003
anne_arundel,50061,2020-06-29,24003
anne_arundel,50711,2020-06-30,24003
anne_arundel,51479,2020-07-01,24003
anne_arundel,53059,2020-07-02,24003
anne_arundel,54398,2020-07-03,24003
anne_arundel,55548,2020-07-04,24003
anne_arundel,56212,2020-07-05,24003
anne_arundel,56865,2020-07-06,24003
anne_arundel,57488,2020-07-07,24003
anne_arundel,65856,2020-07-13,24003
anne_arundel,67162,2020-07-14,24003
anne_arundel,68912,2020-07-15,24003
anne_arundel,70668,2020-07-16,24003
anne_arundel,72681,2020-07-17,24003
anne_arundel,74591,2020-07-18,24003
anne_arundel,76792,2020-07-19,24003
anne_arundel,78082,2020-07-20,24003
anne_arundel,79889,2020-07-21,24003
anne_arundel,81119,2020-07-22,24003
anne_arundel,82512,2020-07-23,24003
anne_arundel,85039,2020-07-24,24003
anne_arundel,87463,2020-07-25,24003
anne_arundel,88738,2020-07-26,24003
anne_arundel,91080,2020-07-27,24003
anne_arundel,93120,2020-07-28,24003
anne_arundel,94631,2020-07-29,24003
anne_arundel,96624,2020-07-30,24003
anne_arundel,99095,2020-07-31,24003
anne_arundel,101383,2020-08-01,24003
anne_arundel,104265,2020-08-02,24003
anne_arundel,106400,2020-08-03,24003
anne_arundel,108310,2020-08-04,24003
anne_arundel,109999,2020-08-05,24003
anne_arundel,111812,2020-08-06,24003
anne_arundel,113774,2020-08-07,24003
anne_arundel,115769,2020-08-08,24003
anne_arundel,119080,2020-08-09,24003
anne_arundel,121621,2020-08-10,24003
anne_arundel,123183,2020-08-11,24003
anne_arundel,124939,2020-08-12,24003
anne_arundel,126582,2020-08-13,24003
anne_arundel,127897,2020-08-14,24003
anne_arundel,131428,2020-08-15,24003
anne_arundel,133373,2020-08-16,24003
anne_arundel,136264,2020-08-17,24003
anne_arundel,58687,2020-07-08,24003
anne_arundel,60219,2020-07-09,24003
anne_arundel,61262,2020-07-10,24003
anne_arundel,62651,2020-07-11,24003
anne_arundel,64289,2020-07-12,24003
anne_arundel,137309,2020-08-18,24003
anne_arundel,138796,2020-08-19,24003
anne_arundel,139858,2020-08-20,24003
anne_arundel,141546,2020-08-21,24003
anne_arundel,144425,2020-08-22,24003
anne_arundel,145726,2020-08-23,24003
anne_arundel,147617,2020-08-24,24003
anne_arundel,148795,2020-08-25,24003
baltimore,76974,2020-06-15,24005
baltimore,77764,2020-06-16,24005
baltimore,79843,2020-06-17,24005
baltimore,80938,2020-06-18,24005
baltimore,81950,2020-06-19,24005
baltimore,83309,2020-06-20,24005
baltimore,84335,2020-06-21,24005
baltimore,85330,2020-06-22,24005
baltimore,86208,2020-06-23,24005
baltimore,87191,2020-06-24,24005
baltimore,88518,2020-06-25,24005
baltimore,89603,2020-06-26,24005
baltimore,90518,2020-06-27,24005
baltimore,91519,2020-06-28,24005
baltimore,93350,2020-06-29,24005
baltimore,94298,2020-06-30,24005
baltimore,95884,2020-07-01,24005
baltimore,97317,2020-07-02,24005
baltimore,99134,2020-07-03,24005
baltimore,100873,2020-07-04,24005
baltimore,102104,2020-07-05,24005
baltimore,103705,2020-07-06,24005
baltimore,105084,2020-07-07,24005
baltimore,117173,2020-07-13,24005
baltimore,119855,2020-07-14,24005
baltimore,123132,2020-07-15,24005
baltimore,125191,2020-07-16,24005
baltimore,127912,2020-07-17,24005
baltimore,130392,2020-07-18,24005
baltimore,135029,2020-07-19,24005
baltimore,137082,2020-07-20,24005
baltimore,139651,2020-07-21,24005
baltimore,142998,2020-07-22,24005
baltimore,145431,2020-07-23,24005
baltimore,148628,2020-07-24,24005
baltimore,155404,2020-07-25,24005
baltimore,159113,2020-07-26,24005
baltimore,162475,2020-07-27,24005
baltimore,167268,2020-07-28,24005
baltimore,169931,2020-07-29,24005
baltimore,174217,2020-07-30,24005
baltimore,178030,2020-07-31,24005
baltimore,182753,2020-08-01,24005
baltimore,186482,2020-08-02,24005
baltimore,190971,2020-08-03,24005
baltimore,193177,2020-08-04,24005
baltimore,196740,2020-08-05,24005
baltimore,199651,2020-08-06,24005
baltimore,204210,2020-08-07,24005
baltimore,207707,2020-08-08,24005
baltimore,214015,2020-08-09,24005
baltimore,219100,2020-08-10,24005
baltimore,221526,2020-08-11,24005
baltimore,223774,2020-08-12,24005
baltimore,227907,2020-08-13,24005
baltimore,231383,2020-08-14,24005
baltimore,237635,2020-08-15,24005
baltimore,242026,2020-08-16,24005
baltimore,246645,2020-08-17,24005
baltimore,106794,2020-07-08,24005
baltimore,108724,2020-07-09,24005
baltimore,110475,2020-07-10,24005
baltimore,112302,2020-07-11,24005
baltimore,115499,2020-07-12,24005
baltimore,249070,2020-08-18,24005
baltimore,250865,2020-08-19,24005
baltimore,253496,2020-08-20,24005
baltimore,258000,2020-08-21,24005
baltimore,262323,2020-08-22,24005
baltimore,266070,2020-08-23,24005
baltimore,269242,2020-08-24,24005
baltimore,271125,2020-08-25,24005
baltimore_city,57767,2020-06-15,24510
baltimore_city,58597,2020-06-16,24510
baltimore_city,60531,2020-06-17,24510
baltimore_city,61592,2020-06-18,24510
baltimore_city,62605,2020-06-19,24510
baltimore_city,64041,2020-06-20,24510
baltimore_city,65236,2020-06-21,24510
baltimore_city,66277,2020-06-22,24510
baltimore_city,67322,2020-06-23,24510
baltimore_city,68400,2020-06-24,24510
baltimore_city,69707,2020-06-25,24510
baltimore_city,70926,2020-06-26,24510
baltimore_city,72234,2020-06-27,24510
baltimore_city,73247,2020-06-28,24510
baltimore_city,74875,2020-06-29,24510
baltimore_city,76300,2020-06-30,24510
baltimore_city,77716,2020-07-01,24510
baltimore_city,79595,2020-07-02,24510
baltimore_city,81659,2020-07-03,24510
baltimore_city,83212,2020-07-04,24510
baltimore_city,84260,2020-07-05,24510
baltimore_city,85832,2020-07-06,24510
baltimore_city,87054,2020-07-07,24510
baltimore_city,97523,2020-07-13,24510
baltimore_city,100215,2020-07-14,24510
baltimore_city,103139,2020-07-15,24510
baltimore_city,105233,2020-07-16,24510
baltimore_city,108694,2020-07-17,24510
baltimore_city,110593,2020-07-18,24510
baltimore_city,114789,2020-07-19,24510
baltimore_city,117053,2020-07-20,24510
baltimore_city,119525,2020-07-21,24510
baltimore_city,121722,2020-07-22,24510
baltimore_city,123525,2020-07-23,24510
baltimore_city,126691,2020-07-24,24510
baltimore_city,131276,2020-07-25,24510
baltimore_city,135226,2020-07-26,24510
baltimore_city,138429,2020-07-27,24510
baltimore_city,140773,2020-07-28,24510
baltimore_city,142995,2020-07-29,24510
baltimore_city,146061,2020-07-30,24510
baltimore_city,149431,2020-07-31,24510
baltimore_city,154518,2020-08-01,24510
baltimore_city,157645,2020-08-02,24510
baltimore_city,160961,2020-08-03,24510
baltimore_city,162910,2020-08-04,24510
baltimore_city,166302,2020-08-05,24510
baltimore_city,168502,2020-08-06,24510
baltimore_city,172260,2020-08-07,24510
baltimore_city,175284,2020-08-08,24510
baltimore_city,181627,2020-08-09,24510
baltimore_city,186738,2020-08-10,24510
baltimore_city,188851,2020-08-11,24510
baltimore_city,190975,2020-08-12,24510
baltimore_city,194134,2020-08-13,24510
baltimore_city,196926,2020-08-14,24510
baltimore_city,201671,2020-08-15,24510
baltimore_city,205028,2020-08-16,24510
baltimore_city,209617,2020-08-17,24510
baltimore_city,88527,2020-07-08,24510
baltimore_city,90205,2020-07-09,24510
baltimore_city,92105,2020-07-10,24510
baltimore_city,94034,2020-07-11,24510
baltimore_city,96184,2020-07-12,24510
baltimore_city,211090,2020-08-18,24510
baltimore_city,212977,2020-08-19,24510
baltimore_city,214935,2020-08-20,24510
baltimore_city,218684,2020-08-21,24510
baltimore_city,222527,2020-08-22,24510
baltimore_city,226196,2020-08-23,24510
baltimore_city,228629,2020-08-24,24510
baltimore_city,229797,2020-08-25,24510
calvert,4579,2020-06-15,24009
calvert,4634,2020-06-16,24009
calvert,4723,2020-06-17,24009
calvert,4802,2020-06-18,24009
calvert,4881,2020-06-19,24009
calvert,5049,2020-06-20,24009
calvert,5126,2020-06-21,24009
calvert,5215,2020-06-22,24009
calvert,5285,2020-06-23,24009
calvert,5394,2020-06-24,24009
calvert,5473,2020-06-25,24009
calvert,5528,2020-06-26,24009
calvert,5610,2020-06-27,24009
calvert,5648,2020-06-28,24009
calvert,5798,2020-06-29,24009
calvert,5862,2020-06-30,24009
calvert,5949,2020-07-01,24009
calvert,6084,2020-07-02,24009
calvert,6178,2020-07-03,24009
calvert,6243,2020-07-04,24009
calvert,6308,2020-07-05,24009
calvert,6397,2020-07-06,24009
calvert,6456,2020-07-07,24009
calvert,7198,2020-07-13,24009
calvert,7363,2020-07-14,24009
calvert,7589,2020-07-15,24009
calvert,7788,2020-07-16,24009
calvert,7982,2020-07-17,24009
calvert,8131,2020-07-18,24009
calvert,8363,2020-07-19,24009
calvert,8499,2020-07-20,24009
calvert,8701,2020-07-21,24009
calvert,8851,2020-07-22,24009
calvert,9032,2020-07-23,24009
calvert,9980,2020-07-24,24009
calvert,10277,2020-07-25,24009
calvert,10494,2020-07-26,24009
calvert,10779,2020-07-27,24009
calvert,11024,2020-07-28,24009
calvert,11173,2020-07-29,24009
calvert,11367,2020-07-30,24009
calvert,11583,2020-07-31,24009
calvert,11840,2020-08-01,24009
calvert,12093,2020-08-02,24009
calvert,12338,2020-08-03,24009
calvert,12508,2020-08-04,24009
calvert,12677,2020-08-05,24009
calvert,12883,2020-08-06,24009
calvert,13237,2020-08-07,24009
calvert,13410,2020-08-08,24009
calvert,13826,2020-08-09,24009
calvert,14128,2020-08-10,24009
calvert,14318,2020-08-11,24009
calvert,14485,2020-08-12,24009
calvert,14730,2020-08-13,24009
calvert,14937,2020-08-14,24009
calvert,15216,2020-08-15,24009
calvert,15486,2020-08-16,24009
calvert,15897,2020-08-17,24009
calvert,6602,2020-07-08,24009
calvert,6736,2020-07-09,24009
calvert,6843,2020-07-10,24009
calvert,6960,2020-07-11,24009
calvert,7084,2020-07-12,24009
calvert,16055,2020-08-18,24009
calvert,16143,2020-08-19,24009
calvert,16325,2020-08-20,24009
calvert,16661,2020-08-21,24009
calvert,16832,2020-08-22,24009
calvert,17060,2020-08-23,24009
calvert,17276,2020-08-24,24009
calvert,17413,2020-08-25,24009
caroline,2517,2020-06-15,24011
caroline,2572,2020-06-16,24011
caroline,2604,2020-06-17,24011
caroline,2653,2020-06-18,24011
caroline,2697,2020-06-19,24011
caroline,2737,2020-06-20,24011
caroline,2778,2020-06-21,24011
caroline,2813,2020-06-22,24011
caroline,2840,2020-06-23,24011
caroline,2896,2020-06-24,24011
caroline,2972,2020-06-25,24011
caroline,3013,2020-06-26,24011
caroline,3065,2020-06-27,24011
caroline,3099,2020-06-28,24011
caroline,3171,2020-06-29,24011
caroline,3220,2020-06-30,24011
caroline,3255,2020-07-01,24011
caroline,3322,2020-07-02,24011
caroline,3399,2020-07-03,24011
caroline,3506,2020-07-04,24011
caroline,3579,2020-07-05,24011
caroline,3625,2020-07-06,24011
caroline,3648,2020-07-07,24011
caroline,4001,2020-07-13,24011
caroline,4154,2020-07-14,24011
caroline,4214,2020-07-15,24011
caroline,4404,2020-07-16,24011
caroline,4539,2020-07-17,24011
caroline,4647,2020-07-18,24011
caroline,4829,2020-07-19,24011
caroline,4922,2020-07-20,24011
caroline,5054,2020-07-21,24011
caroline,5100,2020-07-22,24011
caroline,5194,2020-07-23,24011
caroline,5414,2020-07-24,24011
caroline,5714,2020-07-25,24011
caroline,5864,2020-07-26,24011
caroline,5987,2020-07-27,24011
caroline,6131,2020-07-28,24011
caroline,6163,2020-07-29,24011
caroline,6354,2020-07-30,24011
caroline,6523,2020-07-31,24011
caroline,6773,2020-08-01,24011
caroline,6881,2020-08-02,24011
caroline,6991,2020-08-03,24011
caroline,7035,2020-08-04,24011
caroline,7167,2020-08-05,24011
caroline,7270,2020-08-06,24011
caroline,7384,2020-08-07,24011
caroline,7431,2020-08-08,24011
caroline,7631,2020-08-09,24011
caroline,7788,2020-08-10,24011
caroline,7846,2020-08-11,24011
caroline,7871,2020-08-12,24011
caroline,8018,2020-08-13,24011
caroline,8098,2020-08-14,24011
caroline,8315,2020-08-15,24011
caroline,8435,2020-08-16,24011
caroline,8541,2020-08-17,24011
caroline,3680,2020-07-08,24011
caroline,3774,2020-07-09,24011
caroline,3831,2020-07-10,24011
caroline,3934,2020-07-11,24011
caroline,3975,2020-07-12,24011
caroline,8593,2020-08-18,24011
caroline,8648,2020-08-19,24011
caroline,8732,2020-08-20,24011
caroline,8910,2020-08-21,24011
caroline,9062,2020-08-22,24011
caroline,9125,2020-08-23,24011
caroline,9252,2020-08-24,24011
caroline,9365,2020-08-25,24011
carroll,12456,2020-06-15,24013
carroll,12611,2020-06-16,24013
carroll,13214,2020-06-17,24013
carroll,13372,2020-06-18,24013
carroll,13568,2020-06-19,24013
carroll,13816,2020-06-20,24013
carroll,14049,2020-06-21,24013
carroll,14261,2020-06-22,24013
carroll,14664,2020-06-23,24013
carroll,14918,2020-06-24,24013
carroll,15169,2020-06-25,24013
carroll,15312,2020-06-26,24013
carroll,15485,2020-06-27,24013
carroll,15608,2020-06-28,24013
carroll,16000,2020-06-29,24013
carroll,16205,2020-06-30,24013
carroll,16542,2020-07-01,24013
carroll,16771,2020-07-02,24013
carroll,17076,2020-07-03,24013
carroll,17427,2020-07-04,24013
carroll,17670,2020-07-05,24013
carroll,18115,2020-07-06,24013
carroll,18386,2020-07-07,24013
carroll,20270,2020-07-13,24013
carroll,20657,2020-07-14,24013
carroll,21043,2020-07-15,24013
carroll,21426,2020-07-16,24013
carroll,22073,2020-07-17,24013
carroll,22324,2020-07-18,24013
carroll,22911,2020-07-19,24013
carroll,23273,2020-07-20,24013
carroll,23708,2020-07-21,24013
carroll,24355,2020-07-22,24013
carroll,24684,2020-07-23,24013
carroll,25314,2020-07-24,24013
carroll,25937,2020-07-25,24013
carroll,26354,2020-07-26,24013
carroll,26973,2020-07-27,24013
carroll,27471,2020-07-28,24013
carroll,27872,2020-07-29,24013
carroll,28556,2020-07-30,24013
carroll,29556,2020-07-31,24013
carroll,30422,2020-08-01,24013
carroll,30901,2020-08-02,24013
carroll,31542,2020-08-03,24013
carroll,32051,2020-08-04,24013
carroll,33040,2020-08-05,24013
carroll,33362,2020-08-06,24013
carroll,34034,2020-08-07,24013
carroll,34610,2020-08-08,24013
carroll,36232,2020-08-09,24013
carroll,36920,2020-08-10,24013
carroll,37358,2020-08-11,24013
carroll,37808,2020-08-12,24013
carroll,38517,2020-08-13,24013
carroll,39096,2020-08-14,24013
carroll,39638,2020-08-15,24013
carroll,40254,2020-08-16,24013
carroll,41273,2020-08-17,24013
carroll,18674,2020-07-08,24013
carroll,18920,2020-07-09,24013
carroll,19205,2020-07-10,24013
carroll,19552,2020-07-11,24013
carroll,19917,2020-07-12,24013
carroll,41842,2020-08-18,24013
carroll,42080,2020-08-19,24013
carroll,42683,2020-08-20,24013
carroll,43733,2020-08-21,24013
carroll,44345,2020-08-22,24013
carroll,44749,2020-08-23,24013
carroll,45335,2020-08-24,24013
carroll,45617,2020-08-25,24013
cecil,4963,2020-06-15,24015
cecil,5028,2020-06-16,24015
cecil,5310,2020-06-17,24015
cecil,5373,2020-06-18,24015
cecil,5416,2020-06-19,24015
cecil,5575,2020-06-20,24015
cecil,5646,2020-06-21,24015
cecil,5739,2020-06-22,24015
cecil,5766,2020-06-23,24015
cecil,5832,2020-06-24,24015
cecil,5928,2020-06-25,24015
cecil,5982,2020-06-26,24015
cecil,6120,2020-06-27,24015
cecil,6151,2020-06-28,24015
cecil,6263,2020-06-29,24015
cecil,6341,2020-06-30,24015
cecil,6404,2020-07-01,24015
cecil,6522,2020-07-02,24015
cecil,6682,2020-07-03,24015
cecil,6819,2020-07-04,24015
cecil,7180,2020-07-05,24015
cecil,7351,2020-07-06,24015
cecil,7431,2020-07-07,24015
cecil,8435,2020-07-13,24015
cecil,8561,2020-07-14,24015
cecil,8790,2020-07-15,24015
cecil,8918,2020-07-16,24015
cecil,9228,2020-07-17,24015
cecil,9450,2020-07-18,24015
cecil,9740,2020-07-19,24015
cecil,9902,2020-07-20,24015
cecil,10018,2020-07-21,24015
cecil,10156,2020-07-22,24015
cecil,10367,2020-07-23,24015
cecil,10827,2020-07-24,24015
cecil,11444,2020-07-25,24015
cecil,11801,2020-07-26,24015
cecil,11992,2020-07-27,24015
cecil,12243,2020-07-28,24015
cecil,12371,2020-07-29,24015
cecil,12532,2020-07-30,24015
cecil,12946,2020-07-31,24015
cecil,13446,2020-08-01,24015
cecil,13698,2020-08-02,24015
cecil,13978,2020-08-03,24015
cecil,14312,2020-08-04,24015
cecil,14654,2020-08-05,24015
cecil,14832,2020-08-06,24015
cecil,15129,2020-08-07,24015
cecil,15289,2020-08-08,24015
cecil,15601,2020-08-09,24015
cecil,16009,2020-08-10,24015
cecil,16112,2020-08-11,24015
cecil,16335,2020-08-12,24015
cecil,16593,2020-08-13,24015
cecil,16752,2020-08-14,24015
cecil,17128,2020-08-15,24015
cecil,17320,2020-08-16,24015
cecil,17853,2020-08-17,24015
cecil,7536,2020-07-08,24015
cecil,7616,2020-07-09,24015
cecil,7712,2020-07-10,24015
cecil,7894,2020-07-11,24015
cecil,8302,2020-07-12,24015
cecil,17968,2020-08-18,24015
cecil,18133,2020-08-19,24015
cecil,18293,2020-08-20,24015
cecil,18674,2020-08-21,24015
cecil,19129,2020-08-22,24015
cecil,19240,2020-08-23,24015
cecil,19451,2020-08-24,24015
cecil,19566,2020-08-25,24015
charles,11285,2020-06-15,24017
charles,11462,2020-06-16,24017
charles,11970,2020-06-17,24017
charles,12176,2020-06-18,24017
charles,12325,2020-06-19,24017
charles,12583,2020-06-20,24017
charles,12858,2020-06-21,24017
charles,13026,2020-06-22,24017
charles,13219,2020-06-23,24017
charles,13424,2020-06-24,24017
charles,13657,2020-06-25,24017
charles,13868,2020-06-26,24017
charles,14023,2020-06-27,24017
charles,14190,2020-06-28,24017
charles,14451,2020-06-29,24017
charles,14625,2020-06-30,24017
charles,14806,2020-07-01,24017
charles,15056,2020-07-02,24017
charles,15302,2020-07-03,24017
charles,15474,2020-07-04,24017
charles,15652,2020-07-05,24017
charles,15759,2020-07-06,24017
charles,15887,2020-07-07,24017
charles,17487,2020-07-13,24017
charles,17795,2020-07-14,24017
charles,18126,2020-07-15,24017
charles,18483,2020-07-16,24017
charles,19023,2020-07-17,24017
charles,19272,2020-07-18,24017
charles,19527,2020-07-19,24017
charles,19765,2020-07-20,24017
charles,20177,2020-07-21,24017
charles,20744,2020-07-22,24017
charles,21135,2020-07-23,24017
charles,21891,2020-07-24,24017
charles,22714,2020-07-25,24017
charles,23009,2020-07-26,24017
charles,23605,2020-07-27,24017
charles,24353,2020-07-28,24017
charles,24721,2020-07-29,24017
charles,25371,2020-07-30,24017
charles,25904,2020-07-31,24017
charles,26497,2020-08-01,24017
charles,26929,2020-08-02,24017
charles,27380,2020-08-03,24017
charles,27771,2020-08-04,24017
charles,28360,2020-08-05,24017
charles,28816,2020-08-06,24017
charles,29351,2020-08-07,24017
charles,29807,2020-08-08,24017
charles,30632,2020-08-09,24017
charles,31221,2020-08-10,24017
charles,31572,2020-08-11,24017
charles,32183,2020-08-12,24017
charles,32791,2020-08-13,24017
charles,33389,2020-08-14,24017
charles,34295,2020-08-15,24017
charles,34838,2020-08-16,24017
charles,35572,2020-08-17,24017
charles,16219,2020-07-08,24017
charles,16543,2020-07-09,24017
charles,16811,2020-07-10,24017
charles,17037,2020-07-11,24017
charles,17349,2020-07-12,24017
charles,35966,2020-08-18,24017
charles,36298,2020-08-19,24017
charles,36679,2020-08-20,24017
charles,37204,2020-08-21,24017
charles,37676,2020-08-22,24017
charles,38059,2020-08-23,24017
charles,38490,2020-08-24,24017
charles,38773,2020-08-25,24017
dorchester,3345,2020-06-15,24019
dorchester,3394,2020-06-16,24019
dorchester,3671,2020-06-17,24019
dorchester,3709,2020-06-18,24019
dorchester,3775,2020-06-19,24019
dorchester,3848,2020-06-20,24019
dorchester,3944,2020-06-21,24019
dorchester,3983,2020-06-22,24019
dorchester,4016,2020-06-23,24019
dorchester,4037,2020-06-24,24019
dorchester,4095,2020-06-25,24019
dorchester,4208,2020-06-26,24019
dorchester,4368,2020-06-27,24019
dorchester,4454,2020-06-28,24019
dorchester,4510,2020-06-29,24019
dorchester,4567,2020-06-30,24019
dorchester,4583,2020-07-01,24019
dorchester,4713,2020-07-02,24019
dorchester,4844,2020-07-03,24019
dorchester,4918,2020-07-04,24019
dorchester,5113,2020-07-05,24019
dorchester,5137,2020-07-06,24019
dorchester,5164,2020-07-07,24019
dorchester,6079,2020-07-13,24019
dorchester,6176,2020-07-14,24019
dorchester,6197,2020-07-15,24019
dorchester,6382,2020-07-16,24019
dorchester,6564,2020-07-17,24019
dorchester,6726,2020-07-18,24019
dorchester,6909,2020-07-19,24019
dorchester,6973,2020-07-20,24019
dorchester,7017,2020-07-21,24019
dorchester,7190,2020-07-22,24019
dorchester,7298,2020-07-23,24019
dorchester,7628,2020-07-24,24019
dorchester,7862,2020-07-25,24019
dorchester,8151,2020-07-26,24019
dorchester,8222,2020-07-27,24019
dorchester,8352,2020-07-28,24019
dorchester,8375,2020-07-29,24019
dorchester,8590,2020-07-30,24019
dorchester,8826,2020-07-31,24019
dorchester,9107,2020-08-01,24019
dorchester,9230,2020-08-02,24019
dorchester,9288,2020-08-03,24019
dorchester,9318,2020-08-04,24019
dorchester,9384,2020-08-05,24019
dorchester,9623,2020-08-06,24019
dorchester,9872,2020-08-07,24019
dorchester,10057,2020-08-08,24019
dorchester,10263,2020-08-09,24019
dorchester,10438,2020-08-10,24019
dorchester,10546,2020-08-11,24019
dorchester,10579,2020-08-12,24019
dorchester,10921,2020-08-13,24019
dorchester,11003,2020-08-14,24019
dorchester,11217,2020-08-15,24019
dorchester,11423,2020-08-16,24019
dorchester,11572,2020-08-17,24019
dorchester,5194,2020-07-08,24019
dorchester,5247,2020-07-09,24019
dorchester,5429,2020-07-10,24019
dorchester,5555,2020-07-11,24019
dorchester,5991,2020-07-12,24019
dorchester,11640,2020-08-18,24019
dorchester,11666,2020-08-19,24019
dorchester,11838,2020-08-20,24019
dorchester,12033,2020-08-21,24019
dorchester,12178,2020-08-22,24019
dorchester,12222,2020-08-23,24019
dorchester,12362,2020-08-24,24019
dorchester,12447,2020-08-25,24019
frederick,21744,2020-06-15,24021
frederick,21993,2020-06-16,24021
frederick,22957,2020-06-17,24021
frederick,23374,2020-06-18,24021
frederick,23778,2020-06-19,24021
frederick,24329,2020-06-20,24021
frederick,24803,2020-06-21,24021
frederick,25194,2020-06-22,24021
frederick,25690,2020-06-23,24021
frederick,26067,2020-06-24,24021
frederick,26430,2020-06-25,24021
frederick,26785,2020-06-26,24021
frederick,27255,2020-06-27,24021
frederick,27667,2020-06-28,24021
frederick,28294,2020-06-29,24021
frederick,28656,2020-06-30,24021
frederick,28920,2020-07-01,24021
frederick,29460,2020-07-02,24021
frederick,30178,2020-07-03,24021
frederick,31337,2020-07-04,24021
frederick,31676,2020-07-05,24021
frederick,31980,2020-07-06,24021
frederick,32440,2020-07-07,24021
frederick,36235,2020-07-13,24021
frederick,37145,2020-07-14,24021
frederick,38077,2020-07-15,24021
frederick,39081,2020-07-16,24021
frederick,40559,2020-07-17,24021
frederick,41694,2020-07-18,24021
frederick,42605,2020-07-19,24021
frederick,43475,2020-07-20,24021
frederick,44467,2020-07-21,24021
frederick,45610,2020-07-22,24021
frederick,46512,2020-07-23,24021
frederick,47379,2020-07-24,24021
frederick,48564,2020-07-25,24021
frederick,49053,2020-07-26,24021
frederick,50258,2020-07-27,24021
frederick,51885,2020-07-28,24021
frederick,52691,2020-07-29,24021
frederick,53498,2020-07-30,24021
frederick,54240,2020-07-31,24021
frederick,54930,2020-08-01,24021
frederick,55715,2020-08-02,24021
frederick,56789,2020-08-03,24021
frederick,57304,2020-08-04,24021
frederick,58594,2020-08-05,24021
frederick,59203,2020-08-06,24021
frederick,60248,2020-08-07,24021
frederick,60825,2020-08-08,24021
frederick,62435,2020-08-09,24021
frederick,63743,2020-08-10,24021
frederick,64797,2020-08-11,24021
frederick,66147,2020-08-12,24021
frederick,68521,2020-08-13,24021
frederick,69693,2020-08-14,24021
frederick,71375,2020-08-15,24021
frederick,72673,2020-08-16,24021
frederick,74203,2020-08-17,24021
frederick,33005,2020-07-08,24021
frederick,33362,2020-07-09,24021
frederick,33937,2020-07-10,24021
frederick,34434,2020-07-11,24021
frederick,35791,2020-07-12,24021
frederick,75089,2020-08-18,24021
frederick,76061,2020-08-19,24021
frederick,77108,2020-08-20,24021
frederick,78520,2020-08-21,24021
frederick,79495,2020-08-22,24021
frederick,80185,2020-08-23,24021
frederick,81273,2020-08-24,24021
frederick,81939,2020-08-25,24021
garrett,1023,2020-06-15,24023
garrett,1497,2020-06-16,24023
garrett,1623,2020-06-17,24023
garrett,1627,2020-06-18,24023
garrett,1655,2020-06-19,24023
garrett,1688,2020-06-20,24023
garrett,1716,2020-06-21,24023
garrett,1728,2020-06-22,24023
garrett,1737,2020-06-23,24023
garrett,1744,2020-06-24,24023
garrett,1748,2020-06-25,24023
garrett,1796,2020-06-26,24023
garrett,1811,2020-06-27,24023
garrett,1848,2020-06-28,24023
garrett,1861,2020-06-29,24023
garrett,2030,2020-06-30,24023
garrett,2025,2020-07-01,24023
garrett,2031,2020-07-02,24023
garrett,2048,2020-07-03,24023
garrett,2097,2020-07-04,24023
garrett,2168,2020-07-05,24023
garrett,2176,2020-07-06,24023
garrett,2184,2020-07-07,24023
garrett,2904,2020-07-13,24023
garrett,2921,2020-07-14,24023
garrett,3093,2020-07-15,24023
garrett,3115,2020-07-16,24023
garrett,3185,2020-07-17,24023
garrett,3292,2020-07-18,24023
garrett,3326,2020-07-19,24023
garrett,3337,2020-07-20,24023
garrett,3531,2020-07-21,24023
garrett,4029,2020-07-22,24023
garrett,4104,2020-07-23,24023
garrett,4130,2020-07-24,24023
garrett,4325,2020-07-25,24023
garrett,4352,2020-07-26,24023
garrett,4402,2020-07-27,24023
garrett,4644,2020-07-28,24023
garrett,4693,2020-07-29,24023
garrett,4715,2020-07-30,24023
garrett,5115,2020-07-31,24023
garrett,5239,2020-08-01,24023
garrett,5311,2020-08-02,24023
garrett,5437,2020-08-03,24023
garrett,5444,2020-08-04,24023
garrett,5601,2020-08-05,24023
garrett,5632,2020-08-06,24023
garrett,5799,2020-08-07,24023
garrett,5821,2020-08-08,24023
garrett,6010,2020-08-09,24023
garrett,6134,2020-08-10,24023
garrett,6159,2020-08-11,24023
garrett,6202,2020-08-12,24023
garrett,6368,2020-08-13,24023
garrett,6395,2020-08-14,24023
garrett,6642,2020-08-15,24023
garrett,6768,2020-08-16,24023
garrett,6913,2020-08-17,24023
garrett,2219,2020-07-08,24023
garrett,2416,2020-07-09,24023
garrett,2454,2020-07-10,24023
garrett,2544,2020-07-11,24023
garrett,2856,2020-07-12,24023
garrett,6963,2020-08-18,24023
garrett,7000,2020-08-19,24023
garrett,7127,2020-08-20,24023
garrett,7442,2020-08-21,24023
garrett,7537,2020-08-22,24023
garrett,7576,2020-08-23,24023
garrett,7620,2020-08-24,24023
garrett,7628,2020-08-25,24023
harford,14652,2020-06-15,24025
harford,14853,2020-06-16,24025
harford,15450,2020-06-17,24025
harford,15698,2020-06-18,24025
harford,15904,2020-06-19,24025
harford,16187,2020-06-20,24025
harford,16418,2020-06-21,24025
harford,16644,2020-06-22,24025
harford,16846,2020-06-23,24025
harford,17103,2020-06-24,24025
harford,17403,2020-06-25,24025
harford,17629,2020-06-26,24025
harford,17940,2020-06-27,24025
harford,18314,2020-06-28,24025
harford,18726,2020-06-29,24025
harford,18946,2020-06-30,24025
harford,19219,2020-07-01,24025
harford,19658,2020-07-02,24025
harford,20106,2020-07-03,24025
harford,20570,2020-07-04,24025
harford,20955,2020-07-05,24025
harford,21470,2020-07-06,24025
harford,21737,2020-07-07,24025
harford,24979,2020-07-13,24025
harford,25503,2020-07-14,24025
harford,26102,2020-07-15,24025
harford,26714,2020-07-16,24025
harford,27642,2020-07-17,24025
harford,28142,2020-07-18,24025
harford,29044,2020-07-19,24025
harford,29558,2020-07-20,24025
harford,30206,2020-07-21,24025
harford,31242,2020-07-22,24025
harford,31932,2020-07-23,24025
harford,32555,2020-07-24,24025
harford,33379,2020-07-25,24025
harford,34017,2020-07-26,24025
harford,35015,2020-07-27,24025
harford,35791,2020-07-28,24025
harford,36429,2020-07-29,24025
harford,37467,2020-07-30,24025
harford,38195,2020-07-31,24025
harford,39351,2020-08-01,24025
harford,40327,2020-08-02,24025
harford,41178,2020-08-03,24025
harford,41576,2020-08-04,24025
harford,42169,2020-08-05,24025
harford,42924,2020-08-06,24025
harford,43742,2020-08-07,24025
harford,44535,2020-08-08,24025
harford,45742,2020-08-09,24025
harford,46661,2020-08-10,24025
harford,47059,2020-08-11,24025
harford,47731,2020-08-12,24025
harford,49385,2020-08-13,24025
harford,50289,2020-08-14,24025
harford,51266,2020-08-15,24025
harford,52283,2020-08-16,24025
harford,53169,2020-08-17,24025
harford,22133,2020-07-08,24025
harford,22917,2020-07-09,24025
harford,23426,2020-07-10,24025
harford,23815,2020-07-11,24025
harford,24567,2020-07-12,24025
harford,53704,2020-08-18,24025
harford,54247,2020-08-19,24025
harford,55027,2020-08-20,24025
harford,56138,2020-08-21,24025
harford,57338,2020-08-22,24025
harford,57987,2020-08-23,24025
harford,58781,2020-08-24,24025
harford,59139,2020-08-25,24025
howard,22884,2020-06-15,24027
howard,23617,2020-06-16,24027
howard,24038,2020-06-17,24027
howard,24490,2020-06-18,24027
howard,24949,2020-06-19,24027
howard,25543,2020-06-20,24027
howard,25955,2020-06-21,24027
howard,26301,2020-06-22,24027
howard,26740,2020-06-23,24027
howard,27148,2020-06-24,24027
howard,27527,2020-06-25,24027
howard,27923,2020-06-26,24027
howard,28410,2020-06-27,24027
howard,28666,2020-06-28,24027
howard,29510,2020-06-29,24027
howard,29868,2020-06-30,24027
howard,30411,2020-07-01,24027
howard,31183,2020-07-02,24027
howard,31722,2020-07-03,24027
howard,32534,2020-07-04,24027
howard,33047,2020-07-05,24027
howard,33882,2020-07-06,24027
howard,34433,2020-07-07,24027
howard,39637,2020-07-13,24027
howard,40611,2020-07-14,24027
howard,41735,2020-07-15,24027
howard,42662,2020-07-16,24027
howard,43802,2020-07-17,24027
howard,45318,2020-07-18,24027
howard,47071,2020-07-19,24027
howard,47969,2020-07-20,24027
howard,49015,2020-07-21,24027
howard,49740,2020-07-22,24027
howard,50388,2020-07-23,24027
howard,51984,2020-07-24,24027
howard,53709,2020-07-25,24027
howard,55014,2020-07-26,24027
howard,56307,2020-07-27,24027
howard,57515,2020-07-28,24027
howard,58053,2020-07-29,24027
howard,59301,2020-07-30,24027
howard,61208,2020-07-31,24027
howard,63766,2020-08-01,24027
howard,65329,2020-08-02,24027
howard,66538,2020-08-03,24027
howard,67625,2020-08-04,24027
howard,68531,2020-08-05,24027
howard,68954,2020-08-06,24027
howard,70299,2020-08-07,24027
howard,71479,2020-08-08,24027
howard,73440,2020-08-09,24027
howard,74986,2020-08-10,24027
howard,75878,2020-08-11,24027
howard,76728,2020-08-12,24027
howard,78023,2020-08-13,24027
howard,79891,2020-08-14,24027
howard,81498,2020-08-15,24027
howard,82934,2020-08-16,24027
howard,84298,2020-08-17,24027
howard,35210,2020-07-08,24027
howard,35972,2020-07-09,24027
howard,36887,2020-07-10,24027
howard,37554,2020-07-11,24027
howard,38867,2020-07-12,24027
howard,85098,2020-08-18,24027
howard,85804,2020-08-19,24027
howard,86643,2020-08-20,24027
howard,88587,2020-08-21,24027
howard,89689,2020-08-22,24027
howard,90701,2020-08-23,24027
howard,92112,2020-08-24,24027
howard,92863,2020-08-25,24027
kent,1744,2020-06-15,24029
kent,1758,2020-06-16,24029
kent,2233,2020-06-17,24029
kent,2271,2020-06-18,24029
kent,2354,2020-06-19,24029
kent,2422,2020-06-20,24029
kent,2448,2020-06-21,24029
kent,2486,2020-06-22,24029
kent,2520,2020-06-23,24029
kent,2530,2020-06-24,24029
kent,2636,2020-06-25,24029
kent,2824,2020-06-26,24029
kent,2872,2020-06-27,24029
kent,2893,2020-06-28,24029
kent,2949,2020-06-29,24029
kent,2965,2020-06-30,24029
kent,2985,2020-07-01,24029
kent,3095,2020-07-02,24029
kent,3549,2020-07-03,24029
kent,3669,2020-07-04,24029
kent,3734,2020-07-05,24029
kent,3772,2020-07-06,24029
kent,3784,2020-07-07,24029
kent,3975,2020-07-13,24029
kent,4030,2020-07-14,24029
kent,4058,2020-07-15,24029
kent,4102,2020-07-16,24029
kent,4232,2020-07-17,24029
kent,4337,2020-07-18,24029
kent,4481,2020-07-19,24029
kent,4554,2020-07-20,24029
kent,4656,2020-07-21,24029
kent,4686,2020-07-22,24029
kent,4781,2020-07-23,24029
kent,4878,2020-07-24,24029
kent,5068,2020-07-25,24029
kent,5187,2020-07-26,24029
kent,5252,2020-07-27,24029
kent,5327,2020-07-28,24029
kent,5365,2020-07-29,24029
kent,5451,2020-07-30,24029
kent,5542,2020-07-31,24029
kent,5646,2020-08-01,24029
kent,5853,2020-08-02,24029
kent,5904,2020-08-03,24029
kent,5935,2020-08-04,24029
kent,5967,2020-08-05,24029
kent,6097,2020-08-06,24029
kent,6158,2020-08-07,24029
kent,6236,2020-08-08,24029
kent,6352,2020-08-09,24029
kent,6415,2020-08-10,24029
kent,6470,2020-08-11,24029
kent,6534,2020-08-12,24029
kent,6649,2020-08-13,24029
kent,6704,2020-08-14,24029
kent,6796,2020-08-15,24029
kent,6932,2020-08-16,24029
kent,7014,2020-08-17,24029
kent,3806,2020-07-08,24029
kent,3849,2020-07-09,24029
kent,3873,2020-07-10,24029
kent,3902,2020-07-11,24029
kent,3957,2020-07-12,24029
kent,7037,2020-08-18,24029
kent,7112,2020-08-19,24029
kent,7163,2020-08-20,24029
kent,7265,2020-08-21,24029
kent,7385,2020-08-22,24029
kent,7430,2020-08-23,24029
kent,7469,2020-08-24,24029
kent,7496,2020-08-25,24029
montgomery,84181,2020-06-15,24031
montgomery,85201,2020-06-16,24031
montgomery,87401,2020-06-17,24031
montgomery,88501,2020-06-18,24031
montgomery,89861,2020-06-19,24031
montgomery,92264,2020-06-20,24031
montgomery,93987,2020-06-21,24031
montgomery,95281,2020-06-22,24031
montgomery,96654,2020-06-23,24031
montgomery,97919,2020-06-24,24031
montgomery,99600,2020-06-25,24031
montgomery,101092,2020-06-26,24031
montgomery,102890,2020-06-27,24031
montgomery,104505,2020-06-28,24031
montgomery,106610,2020-06-29,24031
montgomery,107820,2020-06-30,24031
montgomery,109628,2020-07-01,24031
montgomery,112706,2020-07-02,24031
montgomery,115146,2020-07-03,24031
montgomery,117232,2020-07-04,24031
montgomery,118739,2020-07-05,24031
montgomery,120657,2020-07-06,24031
montgomery,122282,2020-07-07,24031
montgomery,136148,2020-07-13,24031
montgomery,137845,2020-07-14,24031
montgomery,141793,2020-07-15,24031
montgomery,144566,2020-07-16,24031
montgomery,149132,2020-07-17,24031
montgomery,152310,2020-07-18,24031
montgomery,157832,2020-07-19,24031
montgomery,159978,2020-07-20,24031
montgomery,162687,2020-07-21,24031
montgomery,166594,2020-07-22,24031
montgomery,169193,2020-07-23,24031
montgomery,172677,2020-07-24,24031
montgomery,178323,2020-07-25,24031
montgomery,182310,2020-07-26,24031
montgomery,186019,2020-07-27,24031
montgomery,189411,2020-07-28,24031
montgomery,191622,2020-07-29,24031
montgomery,196245,2020-07-30,24031
montgomery,201728,2020-07-31,24031
montgomery,206713,2020-08-01,24031
montgomery,210596,2020-08-02,24031
montgomery,215411,2020-08-03,24031
montgomery,217805,2020-08-04,24031
montgomery,221008,2020-08-05,24031
montgomery,223548,2020-08-06,24031
montgomery,229156,2020-08-07,24031
montgomery,232028,2020-08-08,24031
montgomery,239920,2020-08-09,24031
montgomery,244894,2020-08-10,24031
montgomery,247266,2020-08-11,24031
montgomery,251065,2020-08-12,24031
montgomery,256465,2020-08-13,24031
montgomery,260953,2020-08-14,24031
montgomery,265308,2020-08-15,24031
montgomery,269314,2020-08-16,24031
montgomery,272993,2020-08-17,24031
montgomery,124294,2020-07-08,24031
montgomery,126778,2020-07-09,24031
montgomery,129161,2020-07-10,24031
montgomery,130561,2020-07-11,24031
montgomery,134454,2020-07-12,24031
montgomery,275489,2020-08-18,24031
montgomery,277858,2020-08-19,24031
montgomery,281251,2020-08-20,24031
montgomery,285838,2020-08-21,24031
montgomery,289881,2020-08-22,24031
montgomery,293424,2020-08-23,24031
montgomery,297365,2020-08-24,24031
montgomery,299584,2020-08-25,24031
prince_georges,80666,2020-06-15,24033
prince_georges,81699,2020-06-16,24033
prince_georges,83362,2020-06-17,24033
prince_georges,84719,2020-06-18,24033
prince_georges,85818,2020-06-19,24033
prince_georges,87578,2020-06-20,24033
prince_georges,89053,2020-06-21,24033
prince_georges,90010,2020-06-22,24033
prince_georges,91824,2020-06-23,24033
prince_georges,93012,2020-06-24,24033
prince_georges,94668,2020-06-25,24033
prince_georges,95917,2020-06-26,24033
prince_georges,96875,2020-06-27,24033
prince_georges,98040,2020-06-28,24033
prince_georges,99792,2020-06-29,24033
prince_georges,101189,2020-06-30,24033
prince_georges,102676,2020-07-01,24033
prince_georges,104448,2020-07-02,24033
prince_georges,106666,2020-07-03,24033
prince_georges,108224,2020-07-04,24033
prince_georges,109173,2020-07-05,24033
prince_georges,110744,2020-07-06,24033
prince_georges,113120,2020-07-07,24033
prince_georges,123504,2020-07-13,24033
prince_georges,125411,2020-07-14,24033
prince_georges,128595,2020-07-15,24033
prince_georges,130733,2020-07-16,24033
prince_georges,133777,2020-07-17,24033
prince_georges,135543,2020-07-18,24033
prince_georges,139472,2020-07-19,24033
prince_georges,141297,2020-07-20,24033
prince_georges,146210,2020-07-21,24033
prince_georges,148997,2020-07-22,24033
prince_georges,150909,2020-07-23,24033
prince_georges,153025,2020-07-24,24033
prince_georges,157084,2020-07-25,24033
prince_georges,159377,2020-07-26,24033
prince_georges,162317,2020-07-27,24033
prince_georges,165582,2020-07-28,24033
prince_georges,168182,2020-07-29,24033
prince_georges,171392,2020-07-30,24033
prince_georges,174372,2020-07-31,24033
prince_georges,177798,2020-08-01,24033
prince_georges,180263,2020-08-02,24033
prince_georges,182890,2020-08-03,24033
prince_georges,185999,2020-08-04,24033
prince_georges,188209,2020-08-05,24033
prince_georges,190034,2020-08-06,24033
prince_georges,193540,2020-08-07,24033
prince_georges,196742,2020-08-08,24033
prince_georges,201207,2020-08-09,24033
prince_georges,204373,2020-08-10,24033
prince_georges,207718,2020-08-11,24033
prince_georges,209574,2020-08-12,24033
prince_georges,213238,2020-08-13,24033
prince_georges,216378,2020-08-14,24033
prince_georges,220110,2020-08-15,24033
prince_georges,222560,2020-08-16,24033
prince_georges,225460,2020-08-17,24033
prince_georges,114770,2020-07-08,24033
prince_georges,116964,2020-07-09,24033
prince_georges,118577,2020-07-10,24033
prince_georges,119863,2020-07-11,24033
prince_georges,122380,2020-07-12,24033
prince_georges,228533,2020-08-18,24033
prince_georges,229867,2020-08-19,24033
prince_georges,232623,2020-08-20,24033
prince_georges,236739,2020-08-21,24033
prince_georges,241055,2020-08-22,24033
prince_georges,243723,2020-08-23,24033
prince_georges,246504,2020-08-24,24033
prince_georges,248732,2020-08-25,24033
queen_annes,2448,2020-06-15,24035
queen_annes,2542,2020-06-16,24035
queen_annes,2604,2020-06-17,24035
queen_annes,2654,2020-06-18,24035
queen_annes,2709,2020-06-19,24035
queen_annes,2765,2020-06-20,24035
queen_annes,2834,2020-06-21,24035
queen_annes,2878,2020-06-22,24035
queen_annes,2927,2020-06-23,24035
queen_annes,2964,2020-06-24,24035
queen_annes,3021,2020-06-25,24035
queen_annes,3091,2020-06-26,24035
queen_annes,3184,2020-06-27,24035
queen_annes,3238,2020-06-28,24035
queen_annes,3325,2020-06-29,24035
queen_annes,3350,2020-06-30,24035
queen_annes,3380,2020-07-01,24035
queen_annes,3456,2020-07-02,24035
queen_annes,3512,2020-07-03,24035
queen_annes,3629,2020-07-04,24035
queen_annes,3794,2020-07-05,24035
queen_annes,3860,2020-07-06,24035
queen_annes,3910,2020-07-07,24035
queen_annes,4416,2020-07-13,24035
queen_annes,4552,2020-07-14,24035
queen_annes,4614,2020-07-15,24035
queen_annes,4737,2020-07-16,24035
queen_annes,5036,2020-07-17,24035
queen_annes,5310,2020-07-18,24035
queen_annes,5641,2020-07-19,24035
queen_annes,6011,2020-07-20,24035
queen_annes,6121,2020-07-21,24035
queen_annes,6189,2020-07-22,24035
queen_annes,6401,2020-07-23,24035
queen_annes,6705,2020-07-24,24035
queen_annes,7099,2020-07-25,24035
queen_annes,7477,2020-07-26,24035
queen_annes,7817,2020-07-27,24035
queen_annes,7956,2020-07-28,24035
queen_annes,8025,2020-07-29,24035
queen_annes,8144,2020-07-30,24035
queen_annes,8489,2020-07-31,24035
queen_annes,8717,2020-08-01,24035
queen_annes,9005,2020-08-02,24035
queen_annes,9073,2020-08-03,24035
queen_annes,9133,2020-08-04,24035
queen_annes,9190,2020-08-05,24035
queen_annes,9356,2020-08-06,24035
queen_annes,9507,2020-08-07,24035
queen_annes,9599,2020-08-08,24035
queen_annes,9761,2020-08-09,24035
queen_annes,9858,2020-08-10,24035
queen_annes,9963,2020-08-11,24035
queen_annes,10045,2020-08-12,24035
queen_annes,10202,2020-08-13,24035
queen_annes,10549,2020-08-14,24035
queen_annes,10765,2020-08-15,24035
queen_annes,11100,2020-08-16,24035
queen_annes,11268,2020-08-17,24035
queen_annes,3976,2020-07-08,24035
queen_annes,4086,2020-07-09,24035
queen_annes,4162,2020-07-10,24035
queen_annes,4279,2020-07-11,24035
queen_annes,4353,2020-07-12,24035
queen_annes,11379,2020-08-18,24035
queen_annes,11447,2020-08-19,24035
queen_annes,11583,2020-08-20,24035
queen_annes,11874,2020-08-21,24035
queen_annes,12023,2020-08-22,24035
queen_annes,12158,2020-08-23,24035
queen_annes,12316,2020-08-24,24035
queen_annes,12480,2020-08-25,24035
somerset,3047,2020-06-15,24039
somerset,4714,2020-06-16,24039
somerset,4838,2020-06-17,24039
somerset,8065,2020-06-18,24039
somerset,4938,2020-06-19,24039
somerset,4999,2020-06-20,24039
somerset,5034,2020-06-21,24039
somerset,5046,2020-06-22,24039
somerset,5093,2020-06-23,24039
somerset,5129,2020-06-24,24039
somerset,5158,2020-06-25,24039
somerset,5178,2020-06-26,24039
somerset,5213,2020-06-27,24039
somerset,5222,2020-06-28,24039
somerset,5261,2020-06-29,24039
somerset,5284,2020-06-30,24039
somerset,5294,2020-07-01,24039
somerset,5309,2020-07-02,24039
somerset,5328,2020-07-03,24039
somerset,5356,2020-07-04,24039
somerset,5368,2020-07-05,24039
somerset,5418,2020-07-06,24039
somerset,5600,2020-07-07,24039
somerset,5898,2020-07-13,24039
somerset,5991,2020-07-14,24039
somerset,6056,2020-07-15,24039
somerset,6075,2020-07-16,24039
somerset,6106,2020-07-17,24039
somerset,6135,2020-07-18,24039
somerset,6368,2020-07-19,24039
somerset,6443,2020-07-20,24039
somerset,6524,2020-07-21,24039
somerset,6545,2020-07-22,24039
somerset,6569,2020-07-23,24039
somerset,6598,2020-07-24,24039
somerset,6653,2020-07-25,24039
somerset,6744,2020-07-26,24039
somerset,6775,2020-07-27,24039
somerset,6792,2020-07-28,24039
somerset,6804,2020-07-29,24039
somerset,6831,2020-07-30,24039
somerset,7139,2020-07-31,24039
somerset,7239,2020-08-01,24039
somerset,7283,2020-08-02,24039
somerset,7308,2020-08-03,24039
somerset,7354,2020-08-04,24039
somerset,7618,2020-08-05,24039
somerset,7693,2020-08-06,24039
somerset,7819,2020-08-07,24039
somerset,7870,2020-08-08,24039
somerset,8025,2020-08-09,24039
somerset,8261,2020-08-10,24039
somerset,8313,2020-08-11,24039
somerset,8361,2020-08-12,24039
somerset,8653,2020-08-13,24039
somerset,8853,2020-08-14,24039
somerset,9142,2020-08-15,24039
somerset,9408,2020-08-16,24039
somerset,9505,2020-08-17,24039
somerset,5617,2020-07-08,24039
somerset,5660,2020-07-09,24039
somerset,5710,2020-07-10,24039
somerset,5726,2020-07-11,24039
somerset,5861,2020-07-12,24039
somerset,9624,2020-08-18,24039
somerset,9649,2020-08-19,24039
somerset,9698,2020-08-20,24039
somerset,9748,2020-08-21,24039
somerset,10050,2020-08-22,24039
somerset,10118,2020-08-23,24039
somerset,10179,2020-08-24,24039
somerset,10208,2020-08-25,24039
st_marys,7330,2020-06-15,24037
st_marys,7481,2020-06-16,24037
st_marys,7650,2020-06-17,24037
st_marys,4924,2020-06-18,24037
st_marys,8320,2020-06-19,24037
st_marys,8461,2020-06-20,24037
st_marys,8551,2020-06-21,24037
st_marys,8670,2020-06-22,24037
st_marys,8730,2020-06-23,24037
st_marys,8798,2020-06-24,24037
st_marys,9246,2020-06-25,24037
st_marys,9418,2020-06-26,24037
st_marys,9632,2020-06-27,24037
st_marys,9723,2020-06-28,24037
st_marys,9947,2020-06-29,24037
st_marys,10324,2020-06-30,24037
st_marys,10442,2020-07-01,24037
st_marys,10770,2020-07-02,24037
st_marys,11300,2020-07-03,24037
st_marys,11519,2020-07-04,24037
st_marys,11727,2020-07-05,24037
st_marys,11854,2020-07-06,24037
st_marys,11932,2020-07-07,24037
st_marys,13728,2020-07-13,24037
st_marys,13980,2020-07-14,24037
st_marys,14215,2020-07-15,24037
st_marys,14775,2020-07-16,24037
st_marys,15207,2020-07-17,24037
st_marys,15508,2020-07-18,24037
st_marys,15935,2020-07-19,24037
st_marys,16152,2020-07-20,24037
st_marys,16479,2020-07-21,24037
st_marys,16797,2020-07-22,24037
st_marys,17403,2020-07-23,24037
st_marys,17943,2020-07-24,24037
st_marys,18835,2020-07-25,24037
st_marys,19407,2020-07-26,24037
st_marys,19710,2020-07-27,24037
st_marys,19940,2020-07-28,24037
st_marys,20099,2020-07-29,24037
st_marys,20693,2020-07-30,24037
st_marys,21171,2020-07-31,24037
st_marys,21479,2020-08-01,24037
st_marys,21802,2020-08-02,24037
st_marys,22113,2020-08-03,24037
st_marys,22279,2020-08-04,24037
st_marys,22658,2020-08-05,24037
st_marys,22997,2020-08-06,24037
st_marys,23507,2020-08-07,24037
st_marys,23776,2020-08-08,24037
st_marys,24414,2020-08-09,24037
st_marys,24875,2020-08-10,24037
st_marys,25053,2020-08-11,24037
st_marys,25302,2020-08-12,24037
st_marys,25805,2020-08-13,24037
st_marys,26211,2020-08-14,24037
st_marys,26472,2020-08-15,24037
st_marys,26876,2020-08-16,24037
st_marys,27405,2020-08-17,24037
st_marys,12053,2020-07-08,24037
st_marys,12548,2020-07-09,24037
st_marys,12813,2020-07-10,24037
st_marys,13085,2020-07-11,24037
st_marys,13554,2020-07-12,24037
st_marys,27617,2020-08-18,24037
st_marys,27898,2020-08-19,24037
st_marys,28306,2020-08-20,24037
st_marys,28626,2020-08-21,24037
st_marys,28955,2020-08-22,24037
st_marys,29203,2020-08-23,24037
st_marys,29424,2020-08-24,24037
st_marys,29603,2020-08-25,24037
talbot,2971,2020-06-15,24041
talbot,3125,2020-06-16,24041
talbot,3187,2020-06-17,24041
talbot,3237,2020-06-18,24041
talbot,3396,2020-06-19,24041
talbot,3538,2020-06-20,24041
talbot,3612,2020-06-21,24041
talbot,3714,2020-06-22,24041
talbot,3741,2020-06-23,24041
talbot,3765,2020-06-24,24041
talbot,3854,2020-06-25,24041
talbot,4036,2020-06-26,24041
talbot,4272,2020-06-27,24041
talbot,4310,2020-06-28,24041
talbot,4406,2020-06-29,24041
talbot,4455,2020-06-30,24041
talbot,4488,2020-07-01,24041
talbot,4563,2020-07-02,24041
talbot,4914,2020-07-03,24041
talbot,5070,2020-07-04,24041
talbot,5340,2020-07-05,24041
talbot,5444,2020-07-06,24041
talbot,5500,2020-07-07,24041
talbot,5990,2020-07-13,24041
talbot,6098,2020-07-14,24041
talbot,6263,2020-07-15,24041
talbot,6424,2020-07-16,24041
talbot,6632,2020-07-17,24041
talbot,6758,2020-07-18,24041
talbot,6908,2020-07-19,24041
talbot,7086,2020-07-20,24041
talbot,7265,2020-07-21,24041
talbot,7334,2020-07-22,24041
talbot,7541,2020-07-23,24041
talbot,7951,2020-07-24,24041
talbot,8302,2020-07-25,24041
talbot,8554,2020-07-26,24041
talbot,8753,2020-07-27,24041
talbot,8955,2020-07-28,24041
talbot,9018,2020-07-29,24041
talbot,9217,2020-07-30,24041
talbot,9459,2020-07-31,24041
talbot,9746,2020-08-01,24041
talbot,10016,2020-08-02,24041
talbot,10113,2020-08-03,24041
talbot,10171,2020-08-04,24041
talbot,10211,2020-08-05,24041
talbot,10390,2020-08-06,24041
talbot,10666,2020-08-07,24041
talbot,10811,2020-08-08,24041
talbot,11022,2020-08-09,24041
talbot,11126,2020-08-10,24041
talbot,11191,2020-08-11,24041
talbot,11228,2020-08-12,24041
talbot,11467,2020-08-13,24041
talbot,11571,2020-08-14,24041
talbot,11764,2020-08-15,24041
talbot,11971,2020-08-16,24041
talbot,12163,2020-08-17,24041
talbot,5600,2020-07-08,24041
talbot,5678,2020-07-09,24041
talbot,5742,2020-07-10,24041
talbot,5822,2020-07-11,24041
talbot,5882,2020-07-12,24041
talbot,12218,2020-08-18,24041
talbot,12270,2020-08-19,24041
talbot,12455,2020-08-20,24041
talbot,12558,2020-08-21,24041
talbot,12643,2020-08-22,24041
talbot,12796,2020-08-23,24041
talbot,12945,2020-08-24,24041
talbot,13057,2020-08-25,24041
washington,14466,2020-06-15,24043
washington,14701,2020-06-16,24043
washington,15357,2020-06-17,24043
washington,15563,2020-06-18,24043
washington,15831,2020-06-19,24043
washington,16132,2020-06-20,24043
washington,16359,2020-06-21,24043
washington,16561,2020-06-22,24043
washington,18126,2020-06-23,24043
washington,19291,2020-06-24,24043
washington,20393,2020-06-25,24043
washington,21783,2020-06-26,24043
washington,23086,2020-06-27,24043
washington,23407,2020-06-28,24043
washington,23830,2020-06-29,24043
washington,24094,2020-06-30,24043
washington,24186,2020-07-01,24043
washington,24401,2020-07-02,24043
washington,25023,2020-07-03,24043
washington,25333,2020-07-04,24043
washington,25486,2020-07-05,24043
washington,25790,2020-07-06,24043
washington,25857,2020-07-07,24043
washington,27766,2020-07-13,24043
washington,28027,2020-07-14,24043
washington,28501,2020-07-15,24043
washington,28718,2020-07-16,24043
washington,29229,2020-07-17,24043
washington,29864,2020-07-18,24043
washington,30833,2020-07-19,24043
washington,31130,2020-07-20,24043
washington,31566,2020-07-21,24043
washington,32145,2020-07-22,24043
washington,32477,2020-07-23,24043
washington,33125,2020-07-24,24043
washington,34020,2020-07-25,24043
washington,34317,2020-07-26,24043
washington,34925,2020-07-27,24043
washington,35659,2020-07-28,24043
washington,36064,2020-07-29,24043
washington,36814,2020-07-30,24043
washington,37672,2020-07-31,24043
washington,38352,2020-08-01,24043
washington,38879,2020-08-02,24043
washington,39477,2020-08-03,24043
washington,39755,2020-08-04,24043
washington,40345,2020-08-05,24043
washington,40848,2020-08-06,24043
washington,41646,2020-08-07,24043
washington,42124,2020-08-08,24043
washington,42959,2020-08-09,24043
washington,43532,2020-08-10,24043
washington,44013,2020-08-11,24043
washington,44455,2020-08-12,24043
washington,45622,2020-08-13,24043
washington,46453,2020-08-14,24043
washington,47223,2020-08-15,24043
washington,47623,2020-08-16,24043
washington,48682,2020-08-17,24043
washington,26139,2020-07-08,24043
washington,26536,2020-07-09,24043
washington,26858,2020-07-10,24043
washington,27120,2020-07-11,24043
washington,27676,2020-07-12,24043
washington,49203,2020-08-18,24043
washington,49651,2020-08-19,24043
washington,49915,2020-08-20,24043
washington,50551,2020-08-21,24043
washington,51459,2020-08-22,24043
washington,52287,2020-08-23,24043
washington,52552,2020-08-24,24043
washington,52907,2020-08-25,24043
wicomico,12090,2020-06-15,24045
wicomico,12145,2020-06-16,24045
wicomico,12361,2020-06-17,24045
wicomico,12527,2020-06-18,24045
wicomico,12648,2020-06-19,24045
wicomico,12802,2020-06-20,24045
wicomico,12875,2020-06-21,24045
wicomico,12958,2020-06-22,24045
wicomico,13061,2020-06-23,24045
wicomico,13245,2020-06-24,24045
wicomico,13540,2020-06-25,24045
wicomico,13722,2020-06-26,24045
wicomico,13849,2020-06-27,24045
wicomico,13932,2020-06-28,24045
wicomico,14111,2020-06-29,24045
wicomico,14368,2020-06-30,24045
wicomico,14511,2020-07-01,24045
wicomico,14660,2020-07-02,24045
wicomico,14912,2020-07-03,24045
wicomico,15071,2020-07-04,24045
wicomico,15177,2020-07-05,24045
wicomico,15441,2020-07-06,24045
wicomico,15536,2020-07-07,24045
wicomico,17113,2020-07-13,24045
wicomico,17431,2020-07-14,24045
wicomico,17847,2020-07-15,24045
wicomico,18061,2020-07-16,24045
wicomico,18364,2020-07-17,24045
wicomico,18596,2020-07-18,24045
wicomico,18825,2020-07-19,24045
wicomico,19016,2020-07-20,24045
wicomico,19254,2020-07-21,24045
wicomico,19527,2020-07-22,24045
wicomico,19800,2020-07-23,24045
wicomico,20154,2020-07-24,24045
wicomico,20749,2020-07-25,24045
wicomico,21085,2020-07-26,24045
wicomico,21454,2020-07-27,24045
wicomico,21808,2020-07-28,24045
wicomico,21974,2020-07-29,24045
wicomico,22402,2020-07-30,24045
wicomico,22944,2020-07-31,24045
wicomico,23405,2020-08-01,24045
wicomico,23951,2020-08-02,24045
wicomico,24203,2020-08-03,24045
wicomico,24409,2020-08-04,24045
wicomico,24642,2020-08-05,24045
wicomico,24921,2020-08-06,24045
wicomico,25363,2020-08-07,24045
wicomico,25705,2020-08-08,24045
wicomico,26225,2020-08-09,24045
wicomico,26586,2020-08-10,24045
wicomico,26756,2020-08-11,24045
wicomico,26875,2020-08-12,24045
wicomico,27460,2020-08-13,24045
wicomico,27947,2020-08-14,24045
wicomico,28759,2020-08-15,24045
wicomico,29437,2020-08-16,24045
wicomico,29732,2020-08-17,24045
wicomico,15704,2020-07-08,24045
wicomico,16100,2020-07-09,24045
wicomico,16431,2020-07-10,24045
wicomico,16690,2020-07-11,24045
wicomico,17008,2020-07-12,24045
wicomico,29842,2020-08-18,24045
wicomico,29985,2020-08-19,24045
wicomico,30207,2020-08-20,24045
wicomico,30563,2020-08-21,24045
wicomico,31092,2020-08-22,24045
wicomico,31525,2020-08-23,24045
wicomico,32868,2020-08-24,24045
wicomico,33068,2020-08-25,24045
worcester,3711,2020-06-15,24047
worcester,3735,2020-06-16,24047
worcester,3885,2020-06-17,24047
worcester,3978,2020-06-18,24047
worcester,4049,2020-06-19,24047
worcester,4188,2020-06-20,24047
worcester,4287,2020-06-21,24047
worcester,4327,2020-06-22,24047
worcester,4349,2020-06-23,24047
worcester,4402,2020-06-24,24047
worcester,4479,2020-06-25,24047
worcester,4562,2020-06-26,24047
worcester,4656,2020-06-27,24047
worcester,4701,2020-06-28,24047
worcester,4779,2020-06-29,24047
worcester,4820,2020-06-30,24047
worcester,4868,2020-07-01,24047
worcester,4907,2020-07-02,24047
worcester,5012,2020-07-03,24047
worcester,5190,2020-07-04,24047
worcester,5260,2020-07-05,24047
worcester,5330,2020-07-06,24047
worcester,5375,2020-07-07,24047
worcester,6084,2020-07-13,24047
worcester,6167,2020-07-14,24047
worcester,6326,2020-07-15,24047
worcester,6656,2020-07-16,24047
worcester,6784,2020-07-17,24047
worcester,7079,2020-07-18,24047
worcester,7294,2020-07-19,24047
worcester,7431,2020-07-20,24047
worcester,7560,2020-07-21,24047
worcester,7892,2020-07-22,24047
worcester,8164,2020-07-23,24047
worcester,8470,2020-07-24,24047
worcester,8902,2020-07-25,24047
worcester,9242,2020-07-26,24047
worcester,9368,2020-07-27,24047
worcester,9409,2020-07-28,24047
worcester,9596,2020-07-29,24047
worcester,9836,2020-07-30,24047
worcester,10430,2020-07-31,24047
worcester,10842,2020-08-01,24047
worcester,11034,2020-08-02,24047
worcester,11183,2020-08-03,24047
worcester,11444,2020-08-04,24047
worcester,11623,2020-08-05,24047
worcester,11707,2020-08-06,24047
worcester,11896,2020-08-07,24047
worcester,12139,2020-08-08,24047
worcester,12440,2020-08-09,24047
worcester,12543,2020-08-10,24047
worcester,12601,2020-08-11,24047
worcester,12823,2020-08-12,24047
worcester,12981,2020-08-13,24047
worcester,13149,2020-08-14,24047
worcester,13521,2020-08-15,24047
worcester,13778,2020-08-16,24047
worcester,13933,2020-08-17,24047
worcester,5446,2020-07-08,24047
worcester,5619,2020-07-09,24047
worcester,5715,2020-07-10,24047
worcester,5820,2020-07-11,24047
worcester,6042,2020-07-12,24047
worcester,14035,2020-08-18,24047
worcester,14190,2020-08-19,24047
worcester,14266,2020-08-20,24047
worcester,14476,2020-08-21,24047
worcester,14720,2020-08-22,24047
worcester,14820,2020-08-23,24047
worcester,15043,2020-08-24,24047
worcester,15101,2020-08-25,24047
